100,Stone,Raymond,Browning,ut.pellentesque.eget@consequat.edu,0
101,Yetta,Rooney,Whitney,nibh.Aliquam.ornare@ornareIn.edu,1
102,Macon,Nicole,Wolfe,ultricies@loremauctor.ca,1
103,Flynn,Clarke,Cannon,malesuada.Integer.id@semperauctorMauris.edu,1
104,Dakota,Nash,Bauer,ridiculus@porttitorinterdum.net,1
105,Hunter,Mohammad,Britt,leo.Morbi@congue.co.uk,1
106,Adele,Davis,Farmer,Nam@eueros.com,1
107,Colton,Jayme,Ingram,Integer@luctus.org,1
108,Ferris,Thomas,Lewis,primis@auctor.com,1
109,Mufutau,Kasimir,Lowe,consectetuer.cursus@tinciduntDonecvitae.ca,1
