1,1000,mollis
2,1001,tincidunt
2,1002,congue
1,1003,euismod est
2,1004,tellus. Nunc
1,1005,non
1,1006,fringilla
1,1007,tincidunt pede
1,1008,"et,"
2,1009,"lorem, luctus ut,"
2,1010,netus et malesuada
1,1011,"dapibus rutrum,"
1,1012,amet ultricies
2,1013,tincidunt congue turpis.
1,1014,"cursus et, eros."
2,1015,"eleifend non, dapibus"
2,1016,est
1,1017,"non, egestas"
2,1018,"augue, eu"
2,1019,ridiculus
1,1020,"nec, cursus"
2,1021,Mauris
1,1022,sit amet orci.
1,1023,est
1,1024,"parturient montes, nascetur"
2,1025,Curabitur ut
1,1026,"nec,"
2,1027,urna. Ut
2,1028,"mi, ac"
1,1029,"dictum eleifend, nunc"
2,1030,et magnis dis
1,1031,quam
2,1032,"et, euismod et,"
1,1033,magna. Sed
2,1034,amet
2,1035,blandit viverra. Donec
1,1036,eu odio
1,1037,Donec
2,1038,adipiscing
1,1039,libero
1,1040,"et, rutrum eu,"
1,1041,Nam
2,1042,"nisl elementum purus,"
1,1043,"ut, sem."
1,1044,"non, dapibus rutrum,"
1,1045,lorem. Donec
1,1046,"in, hendrerit"
2,1047,aliquam
2,1048,eu lacus. Quisque
1,1049,Aliquam erat
2,1050,"rhoncus id,"
2,1051,inceptos hymenaeos. Mauris
1,1052,a feugiat tellus
1,1053,ut nisi
2,1054,"iaculis, lacus"
1,1055,Integer mollis. Integer
2,1056,fringilla cursus purus.
1,1057,dapibus gravida. Aliquam
1,1058,Ut tincidunt
2,1059,ullamcorper magna.
2,1060,"at, velit. Pellentesque"
1,1061,"ornare,"
2,1062,"Donec tempor, est"
2,1063,sed consequat
1,1064,tortor. Integer
2,1065,ridiculus mus. Donec
1,1066,risus.
1,1067,Aenean eget
1,1068,eleifend
1,1069,turpis non
1,1070,tincidunt orci quis
1,1071,Morbi vehicula.
1,1072,Fusce
1,1073,penatibus
2,1074,"lorem,"
1,1075,convallis
1,1076,semper pretium neque.
2,1077,semper auctor.
1,1078,ut
1,1079,"vel, faucibus"
1,1080,arcu. Vivamus sit
2,1081,"montes,"
1,1082,congue turpis. In
1,1083,"Maecenas libero est,"
1,1084,commodo auctor
2,1085,Mauris nulla.
1,1086,taciti
1,1087,auctor. Mauris
1,1088,"eleifend,"
2,1089,ultrices. Duis volutpat
1,1090,velit. Sed malesuada
2,1091,lectus
1,1092,lacus pede
2,1093,non quam. Pellentesque
2,1094,Quisque
1,1095,gravida sit
2,1096,ante. Maecenas mi
2,1097,hendrerit neque.
1,1098,Donec
1,1099,libero
