1000,Burton,Harlan,Mendez,augue@sagittisfelis.edu,1
1001,Brenden,Wendy,Davis,libero@ipsumPhasellus.org,2
1002,Lane,Orli,Mcgee,quam.Curabitur@bibendumsed.edu,2
1003,Emerson,Sonia,Dyer,non@dapibus.com,1
1004,Rafael,Flavia,Casey,montes.nascetur.ridiculus@semsemper.co.uk,2
1005,Amanda,Germane,Potter,sem@lacuspedesagittis.edu,2
1006,Regina,Channing,Mullen,Integer.mollis@tellus.co.uk,2
1007,Marvin,Cameron,Oneal,Vivamus@magna.com,1
1008,Vernon,Jacqueline,Moss,Vivamus.molestie.dapibus@Vestibulumut.net,2
1009,Arsenio,Nathaniel,Stuart,ut@lacusNullatincidunt.com,1
